title,imdb_id
The Gentlemen,tt8367814
Jumanji,tt0113497
After We Fell,tt13069986
Replicas,tt4154916
Tyler Perry's A Madea Homecoming,tt14813966
Anna Nicole Smith: You Don't Know Me,tt16951452
Gunpowder Milkshake,tt8368408
Pinkfong &amp; Baby Shark's Space Adventure,tt11727004
Trading Paint,tt7052494
Untold: The Girlfriend Who Didn't Exist,tt21340300
A Week Away,tt11388278
Dunkirk,tt5013056
The Noel Diary,tt13007592
The Invitation,tt12873562
Army of the Dead,tt0993840
Sabotage,tt1742334
The Good Nurse,tt4273800
Moxie,tt6432466
Zero Dark Thirty,tt1790885
The Magician's Elephant,tt2560092
The Best of Me,tt1972779
The Call,tt10530176
Fistful of Vengeance,tt14158554
Outside the Wire,tt10451914
Animals on the Loose: A You vs. Wild Interactive Movie,tt13853720
Above Suspicion,tt5688068
A Tourist’s Guide to Love,tt20115096
The Swimmers,tt8745676
Concrete Cowboy,tt8846176
Night Teeth,tt10763820
Without a Paddle,tt0364751
A Walk Among the Tombstones,tt0365907
The Interpreter,tt0373926
The Dilemma,tt1578275
Grease,tt0077631
Mariah Carey's All I Want for Christmas Is You,tt6678950
Deadly Illusions,tt7897330
Minions &amp; More: Volume 1,tt22184976
Rise of the Guardians,tt1446192
Tides,tt5514674
Just Go with It,tt1564367
SAS: Red Notice,tt4479380
Four Brothers,tt0430105
The Conjuring,tt1457767
The Twilight Saga: New Moon,tt1259571
The Whole Truth,tt3503406
The Bad Guys,tt8115900
The Croods,tt0481499
Burlesque,tt1126591
The Last Blockbuster,tt8704802
Dragged Across Concrete,tt6491178
Home,tt2224026
I Am Legend,tt0480249
The Tinder Swindler,tt14992922
The Munsters,tt14813212
Marmaduke,tt1392197
Catch Me If You Can,tt0264464
Dumb and Dumber,tt0109686
Shrek Forever After,tt0892791
Me Time,tt14309446
Kick-Ass 2,tt1650554
Backtrace,tt3588588
Sky High,tt0405325
Looper,tt1276104
Grown Ups,tt1375670
My Name Is Vendetta,tt15229674
Mr. &amp; Mrs. Smith,tt0356910
"Girl, Interrupted",tt0172493
Tower Heist,tt0471042
The Little Rascals,tt0110366
The Lucky One,tt1327194
Don't Look Up,tt11286314
Persuasion,tt13456318
21,tt0478087
Oblivion,tt1483013
Step Brothers,tt0838283
The Takedown,tt13822738
The Bourne Legacy,tt1194173
Last Seen Alive,tt10242388
Legally Blonde,tt0250494
R.I.P.D. 2: Rise of the Damned,tt21094994
American Reunion,tt1605630
Rush,tt1979320
The Dark Knight,tt0468569
Men in Black 3,tt1409024
Oxygen,tt6341832
Old School,tt0302886
Single All the Way,tt14315756
Wind River,tt5362988
The Informer,tt1833116
First Sunday,tt0486578
Penguin Bloom,tt6317656
Rurouni Kenshin: The Beginning,tt11991748
The Redeem Team,tt21837726
Annabelle: Creation,tt5140878
Loving Adults,tt14592948
The Hangover Part II,tt1411697
Bullet Train,tt12593682
Talladega Nights: The Ballad of Ricky Bobby,tt0415306
Hop,tt1411704
Mrs. Chatterjee Vs Norway,tt14295590
Audrey,tt10731386
Going in Style,tt2568862
No Escape,tt1781922
Morbius,tt5108870
The Pale Blue Eye,tt14138650
Matilda,tt0117008
Wild Card,tt2231253
Luther: The Fallen Sun,tt3155298
The Last Mercenary,tt12808182
Leap Year,tt1216492
Running with the Devil: The Wild World of John McAfee,tt21379574
A Man Called Otto,tt7405458
Mr. Harrigan's Phone,tt12908110
How It Ends,tt5246700
Charming,tt4086018
Magic Mike XXL,tt2268016
In for a Murder,tt13377488
Hotel Transylvania,tt0837562
"Crack: Cocaine, Corruption &amp; Conspiracy",tt13649700
A Perfect Pairing,tt15215512
White Hot: The Rise &amp; Fall of Abercrombie &amp; Fitch,tt19034522
White Boy,tt5635638
Below Zero,tt9845564
Inside Man,tt10948716
The Mother,tt6968614
Megamind,tt1001526
Nightbooks,tt10521144
Enola Holmes 2,tt14641788
Transformers: Revenge of the Fallen,tt1055369
Bigfoot Family,tt9204164
Major Grom: Plague Doctor,tt7601480
Along for the Ride,tt14506528
Man on a Ledge,tt1568338
Things Heard &amp; Seen,tt10962368
Ben Is Back,tt7545524
Anchorman: The Legend of Ron Burgundy,tt0357413
The Swarm,tt0078350
Girl in the Picture,tt21059520
The Glass Castle,tt2378507
Two Distant Strangers,tt13472984
Trolls,tt1679335
Furioza,tt10515864
Safe Haven,tt1702439
Seaspiracy,tt14152756
UglyDolls,tt1946502
Daddy's Little Girls,tt0778661
Sniper: Rogue Mission,tt21222434
Big Daddy,tt0142342
Hotel Transylvania 2,tt2510894
The Blind Side,tt0878804
No Escape Room,tt9099102
47 Meters Down: Uncaged,tt7329656
Hypnotic,tt8080204
Texas Chainsaw Massacre,tt11755740
The Block Island Sound,tt8747160
St. Vincent,tt2170593
The Kindness of Strangers,tt6515910
Enola Holmes,tt7846844
The Bubble,tt13610562
Daddy Day Care,tt0317303
Parker,tt1904996
Security,tt3501112
Peter Rabbit 2: The Runaway,tt8376234
Kill Boksoon,tt16900880
Till Death,tt11804152
The Hurt Locker,tt0887912
Dracula Untold,tt0829150
The Father Who Moves Mountains,tt8886670
Minions &amp; More Volume 2,tt23382644
Blonde,tt1655389
Penguins of Madagascar,tt1911658
Snow White &amp; the Huntsman,tt1735898
End of the Road,tt13655328
The Hunger Games: Catching Fire,tt1951264
Scooby-Doo 2: Monsters Unleashed,tt0331632
Ouija: Origin of Evil,tt4361050
Intrusion,tt5563324
Just Like Heaven,tt0425123
Aftermath,tt10691162
Into the Beat,tt10662234
The Twilight Saga: Breaking Dawn - Part 1,tt1324999
A California Christmas: City Lights,tt13701962
The Conjuring 2,tt3065204
Dead Man Down,tt2101341
American Gangster,tt0765429
The White Tiger,tt6571548
Purple Hearts,tt4614584
World War Z,tt0816711
Men in Black,tt0119654
Emily the Criminal,tt15255876
Scarface,tt0086250
Operation Mincemeat,tt1879016
Something Borrowed,tt0491152
School of Rock,tt0332379
Ava,tt8784956
Minions: The Rise of Gru,tt5113044
Lady Chatterley's Lover,tt14369780
Dragon Rider,tt7080422
Walk of Shame,tt2463288
Seized,tt7221772
How the Grinch Stole Christmas,tt0170016
Shooter,tt0822854
The Shadow In My Eye,tt9170516
Hubie Halloween,tt10682266
The Vault,tt9742794
"10,000 BC",tt0443649
The BFG,tt3691740
The Christmas Chronicles: Part Two,tt11057644
Lou,tt5315210
The Seventh Day,tt11263022
Passing,tt8893974
Brazen,tt13978306
White Christmas,tt2441808
Catch and Release,tt0395495
Pitch Black,tt0134847
The Chalk Line,tt12683756
Jexi,tt9354944
Shark Tale,tt0307453
Under Suspicion,tt0164212
Accepted,tt0384793
Disappearance at Clifton Hill,tt5919756
Beckett,tt10230994
A Cinderella Story,tt0356470
The Devil Below,tt7646322
Resort to Love,tt12929990
42,tt0453562
Sightless,tt10303430
Monsters vs Aliens,tt0892782
Training Day,tt0139654
Forgetting Sarah Marshall,tt0800039
Cleaner,tt0896798
Shrek 2,tt0298148
The Mist,tt0884328
Bruised,tt8310474
I Care a Lot,tt9893250
Major Payne,tt0110443
G.I. Joe: Retaliation,tt1583421
Despicable Me,tt1323594
Honeymoon with My Mother,tt11269026
Storks,tt4624424
Cut Throat City,tt3547306
Who Killed Santa? A Murderville Murder Mystery,tt23747062
Diary of a Mad Black Woman,tt0422093
Welcome Home Roscoe Jenkins,tt0494652
A Castle for Christmas,tt13070602
Choose or Die,tt11514780
Blackhat,tt2717822
30 Minutes or Less,tt1622547
Saving Private Ryan,tt0120815
Through My Window,tt14463484
Flight,tt1907668
Warriors of Future,tt7375466
The Vanished,tt4131496
The Hunger Games,tt1392170
Lost Bullet 2,tt14465706
Fool's Gold,tt0770752
The General's Daughter,tt0144214
The Wedding Year,tt8367184
Toscana,tt13276352
Amina,tt15847872
Mean Girls,tt0377092
The Man From Toronto,tt11671006
The God Committee,tt6852526
The School for Good and Evil,tt2935622
Battleship,tt1440129
The Thing,tt0084787
Chickenhare and the Hamster of Darkness,tt12532368
Britney Vs Spears,tt15469820
The Mitchells vs. The Machines,tt7979580
"Crazy, Stupid, Love.",tt1570728
In Good Hands,tt14898794
Mile 22,tt4560436
The Woman King,tt8093700
Warrior,tt1291584
Malcolm &amp; Marie,tt12676326
Inheritance,tt7923220
The Mystery of Marilyn Monroe: The Unheard Tapes,tt19034332
Blackout,tt8363392
Final Destination 5,tt1622979
The Last Kingdom: Seven Kings Must Die,tt15767808
The Green Mile,tt0120689
What Lies Below,tt9264728
The Girl on the Train,tt3631112
1000 Miles From Christmas,tt13782052
Rush Hour,tt0120812
The Twilight Saga: Eclipse,tt1325004
Troll,tt1679335
Falling for Christmas,tt14715170
Wanted,tt0493464
The Midnight Sky,tt10539608
The Losers,tt0480255
Spiderhead,tt9783600
The Curse of Bridge Hollow,tt15289240
No One Gets Out Alive,tt13056008
Fullmetal Alchemist the Revenge of Scar,tt18671386
Blood Red Sky,tt6402468
The Dark Knight Rises,tt1345836
Prisoners,tt1392214
Dog Gone,tt15334430
My Little Pony: A New Generation,tt10101702
Friday,tt0113118
Umma,tt13235822
The Last Letter from Your Lover,tt1893273
Kate,tt7737528
There's Someone Inside Your House,tt8150814
Rurouni Kenshin: The Final,tt11809034
The Guilty,tt9421570
Two Weeks Notice,tt0313737
A Boy Called Christmas,tt10187208
Interceptor,tt14174940
Hustle,tt8009428
Last Man Down,tt12335692
The Karate Kid,tt0087538
I See You,tt6079516
Green Zone,tt0947810
The Princess Switch 3: Romancing The Star,tt14731142
Good Burger,tt0119215
Killers,tt1103153
Synchronic,tt9016974
The Hunger Games: Mockingjay - Part 2,tt1951266
Thunder Force,tt10121392
Madagascar 3: Europe's Most Wanted,tt1277953
Trust No One: The Hunt for the Crypto King,tt15479902
Next Friday,tt0195945
Jackass 4.5,tt18258584
2 Hearts,tt5616176
Home Team,tt14592064
Heat,tt0113277
Ma Rainey's Black Bottom,tt10514222
Death to 2020,tt13567480
Transformers: Dark of the Moon,tt1399103
Twilight,tt1099212
Are We There Yet?,tt0368578
The Hatchet Wielding Hitchhiker,tt24509990
Guillermo del Toro's Pinocchio,tt1488589
The Longest Yard,tt0398165
2 Guns,tt1272878
Missing,tt10855768
Wedding Season,tt11426572
I Can Do Bad All By Myself,tt1385912
Jaws,tt0073195
R.I.P.D.,tt0790736
Don't Be a Menace to South Central While Drinking Your Juice in the Hood,tt0116126
Tall Girl 2,tt16085592
The Age of Adaline,tt1655441
Mother's Day,tt4824302
Superbad,tt0829482
Here Comes the Boom,tt1648179
Glass Onion: A Knives Out Mystery,tt23724524
Jungle Beat: The Movie,tt12139700
Stowaway,tt9203694
My Father's Violin,tt14369276
Scary Stories to Tell in the Dark,tt3387520
U.S. Marshals,tt0120873
That's My Boy,tt1232200
Our Father,tt19704638
Pitch Perfect,tt1981677
365 Days,tt10886166
Sentinelle,tt11734264
Trollhunters: Rise of the Titans,tt12851396
Klaus,tt4729430
All Quiet on the Western Front,tt1016150
Love in the Villa,tt15463032
Blade Runner 2049,tt1856101
21 Jump Street,tt1232829
Murder Mystery,tt15255288
That's Amor,tt21388556
12 Strong,tt1413492
The Poison Rose,tt5862166
I Am All Girls,tt9013182
Reprisal,tt0827517
Munich: The Edge of War,tt7475578
White Noise,tt6160448
This Is Where I Leave You,tt1371150
The Zookeeper's Wife,tt1730768
"Barbie: Big City, Big Dreams",tt15053428
Enough,tt0278435
Fate: The Winx Saga - The Afterparty,tt14081914
Good on Paper,tt8231668
After We Collided,tt10362466
American Me,tt0103671
The Lorax,tt1482459
We Die Young,tt7903530
Sherlock Holmes: A Game of Shadows,tt1515091
Barbie &amp; Chelsea the Lost Birthday,tt14317062
The Holiday,tt0457939
Trouble,tt6772524
Ferry,tt14217100
Christmas with You,tt15824322
Father Stu,tt14439896
Day Shift,tt13314558
¡Que viva México!,tt22185848
Molly's Game,tt4209788
Vivo,tt6338498
Kung Fu Panda,tt0441773
Extinct,tt3201640
Turbo,tt1860353
The Stronghold,tt10404944
The Trip,tt13109952
Scrooge: A Christmas Carol,tt20917338
London Has Fallen,tt3300542
You People,tt14826022
Den of Thieves,tt1259528
Black Crab,tt6708668
Charlotte's Web,tt0413895
Slumberland,tt13320662
Terminator 2: Judgment Day,tt0103064
The Mortal Instruments: City of Bones,tt1538403
A Not So Merry Christmas,tt23808016
Savages,tt1615065
Montford: The Chickasaw Rancher,tt6704894
The Dig,tt3661210
Law Abiding Citizen,tt1197624
God's Crooked Lines,tt13229894
The Gray Man,tt1649418
Sing 2,tt6467266
Cosmic Sin,tt11762434
Leave No Trace,tt3892172
Really Love,tt8722624
Ted,tt1637725
The Snowman,tt1758810
Finding 'Ohana,tt10332588
Faithfully Yours,tt20119468
Birth of the Dragon,tt2720826
The Strange House,tt4881302
Collision,tt1349084
Lesson Plan,tt23343786
Rescued by Ruby,tt11278476
Yara,tt15655276
Uncharted,tt1464335
Prey,tt11866324
Elysium,tt1535108
The Clovehitch Killer,tt6269368
Downfall: The Case Against Boeing,tt11893274
Faraway,tt18747542
Dark Shadows,tt1077368
The Big 4,tt15528292
The Water Man,tt4779326
Blue Miracle,tt7084386
The Woman in the Window,tt6111574
Hunger,tt22695402
Dr. Seuss' The Cat in the Hat,tt13269676
"Bob Ross: Happy Accidents, Betrayal &amp; Greed",tt14539744
Xtreme,tt11658120
The Power of the Dog,tt10293406
Bill Russell: Legend,tt18271440
War Dogs,tt2005151
Riddick,tt1411250
The Last Stand,tt0376994
Titanic,tt0120338
Monster House,tt0385880
The Next Three Days,tt1458175
Recurrence,tt15943258
Ghislaine Maxwell: Filthy Rich,tt22892896
Look Both Ways,tt14298328
This Is the End,tt1245492
The Loud House Movie,tt6714432
King Kong,tt0360717
The Stranger,tt11897478
To All the Boys: Always and Forever,tt10676012
The Next 365 Days,tt21106646
Bad Boys II,tt0172156
Why Did You Kill Me?,tt14318430
A California Christmas,tt13055780
The Wonder,tt9288822
Blade of the 47 Ronin,tt12610794
Shrek,tt0126029
The Sea Beast,tt9288046
Luckiest Girl Alive,tt4595186
Love &amp; Gelato,tt15521050
I Wanna Dance With Somebody,tt12193804
Collateral,tt0369339
Kingdom: Ashin of the North,tt13412252
The Price of Family,tt21149522
Money Shot: The Pornhub Story,tt26739529
Yes Day,tt8521876
Journey 2: The Mysterious Island,tt1397514
RRR,tt8178634
The Adventures of Sharkboy and Lavagirl,tt0424774
Army of Thieves,tt13024674
Roald Dahl's Matilda the Musical,tt3447590
Wish Dragon,tt5562070
Legacy of Lies,tt6834916
Shutter Island,tt1130884
The Amazing Spider-Man,tt0948470
We Can Be Heroes,tt10600398
Pieces of a Woman,tt11161474
All About the Benjamins,tt0278295
Green Lantern,tt1133985
Sniper: Ghost Shooter,tt5090828
Back to the Outback,tt13575806
CHiPS,tt0075488
LOL Surprise: The Movie,tt15576986
The Twilight Saga: Breaking Dawn - Part 2,tt1673434
Kung Fu Panda 3,tt2267968
Death of Me,tt1830643
Your Place or Mine,tt12823454
Unknown,tt1401152
Crimson Peak,tt2554274
An Unfinished Life,tt0350261
365 Days : This Day,tt12996154
21 Bridges,tt8688634
State of Play,tt0473705
"Pamela, A Love Story",tt18376122
Save the Last Dance,tt0206275
This Is 40,tt1758830
"Lyle, Lyle, Crocodile",tt14668630
Scary Movie 4,tt0362120
The Town,tt0840361
Aileen Wuornos: American Boogeywoman,tt14265992
Memories of a Murderer: The Nilsen Tapes,tt15085784
Operation Varsity Blues: The College Admissions Scandal,tt14111734
Awake,tt10418662
The Volcano: Rescue from Whakaari,tt21439528
Top Gun,tt0092099
The Royal Treatment,tt13989030
It,tt1396484
The Strays,tt16437278
Pokémon the Movie: Secrets of the Jungle,tt11819890
Safe House,tt1599348
Christmas on Mistletoe Farm,tt20561114
Love Hard,tt10752004
The Son,tt14458442
Monster-in-Law,tt0369735
The Ice Road,tt3758814
A Bad Moms Christmas,tt6359956
The Secret Life of Pets 2,tt5113040
Dead Again in Tombstone,tt5794440
The DUFF,tt1666801
The Wrath of God,tt15189534
Your Highness,tt1240982
Coach Carter,tt0393162
Rambo: Last Blood,tt1206885
True Spirit,tt2353868
Against the Ice,tt13873302
The Chronicles of Riddick,tt0296572
I Believe in Santa,tt23722792
Borrego,tt12676006
Poms,tt5125894
Windfall,tt15033192
Barefoot,tt2355495
Fear Street: 1978,tt9701940
The Lord of the Rings: The Fellowship of the Ring,tt0120737
The Witcher: Nightmare of the Wolf,tt11657662
Capturing the Killer Nurse,tt22010586
Brahms: The Boy II,tt9173418
Headspace: Unwind Your Mind,tt14684160
"tick, tick... BOOM!",tt8721424
Senior Year,tt5315212
The Privilege,tt14637290
The Kissing Booth 3,tt12783454
Sharkdog’s Fintastic Halloween,tt15478768
Secret Magic Control Agency,tt13932162
Skater Girl,tt6964940
JUNG_E,tt22352848
Bad Trip,tt9684220
Blade: Trinity,tt0359013
Love Happens,tt0899106
Chupa,tt14923260
Sweet Girl,tt10731768
The Unforgivable,tt11233960
Over the Hedge,tt0327084
300,tt0416449
Restless,tt14465894
Zone 414,tt8545482
Yaksha: Ruthless Operations,tt12663250
Red Notice,tt7991608
Life,tt5442430
Kung Fu Panda 2,tt1302011
Rango,tt1192628
Shania Twain: Not Just a Girl,tt21332486
AKA,tt27197387
Arctic,tt6820256
Mission: Impossible - Ghost Protocol,tt1229238
S.W.A.T.,tt0257076
The Forgotten Battle,tt10521092
Flushed Away,tt0424095
My Little Pony: Make Your Mark,tt18342962
Father Christmas Is Back,tt13103340
17 Again,tt0974661
Halftime,tt19637852
Worth,tt8009744
The Lost Daughter,tt9100054
After Ever Happy,tt13070038
The Hunger Games: Mockingjay - Part 1,tt1951265
Fatherhood,tt4733624
Money Talks,tt0119695
Happy Gilmore,tt0116483
Afterlife of the Party,tt11742798
Red Dot,tt11307814
The Starling,tt21156390
Murder Mystery 2,tt15255288
The Hangover,tt1119646
Side Effects,tt2053463
Carter,tt21237030
Homefront,tt2312718
The Other Guys,tt1386588
Biggie: I Got a Story to Tell,tt14058484
The Christmas Chronicles,tt11057644
Flipped,tt0817177
Black Island,tt12881516
Can You Keep a Secret?,tt8707922
A Jazzman's Blues,tt14307536
Stepmom,tt0120686
Forrest Gump,tt0109830
Open Season,tt0400717
Squared Love,tt13846542
Fear Street: 1994,tt6566576
Final Score,tt5254610
Wendell &amp; Wild,tt5181830
Charlie and the Chocolate Factory,tt0367594
The Adam Project,tt2463208
Where the Crawdads Sing,tt9411972
I Am Vanessa Guillen,tt22440764
Captain Phillips,tt1535109
Four Christmases,tt0369436
The Hangover Part III,tt1951261
The Net,tt0113957
Friends with Benefits,tt1632708
I Came By,tt15083184
How I Became a Superhero,tt10345590
The Takeover,tt18082758
Narvik,tt9737876
Monster,tt13207736
Viking Wolf,tt13051810
Fear Street: 1666,tt9701942
King Arthur: Legend of the Sword,tt1972591
The Weekend Away,tt14817272
Skylines,tt1564585
A Haunted House 2,tt2828996
Do Revenge,tt13327038
Despicable Me 2,tt1690953
We Have a Ghost,tt7798604
The Nice Guys,tt3799694
The Old Ways,tt8593824
Silverton Siege,tt18563148
Contraband,tt1524137
The Mustang,tt5952594
He's All That,tt4590256
Space Sweepers,tt12838766
Riverdance: The Animated Adventure,tt10841088
The Harder They Fall,tt10696784
The Shack,tt2872518
