title,imdb_id
Vivo,tt6338498
Collision,tt1349084
Oblivion,tt1483013
The Hangover: Part III,tt1951261
Uncharted,tt1464335
Backtrace,tt3588588
The Secret Life of Pets 2,tt5113040
Over the Hedge,tt0327084
A Perfect Pairing,tt15215512
Shania Twain: Not Just a Girl,tt21332486
Home Team,tt14592064
The Girl in the Spider's Web,tt5177088
A Man Called Otto,tt7405458
Unfaithful,tt0250797
12 Strong,tt1413492
Honest Thief,tt1838556
How the Grinch Stole Christmas,tt0170016
Beckett,tt10230994
St. Vincent,tt2170593
Running with the Devil: The Wild World of John McAfee,tt21379574
The Great Wall,tt2034800
Slumberland,tt13320662
Shark Tale,tt0307453
The Noel Diary,tt13007592
Father Christmas Is Back,tt13103340
A Madea Homecoming,tt14813966
Dragged Across Concrete,tt6491178
A Castle For Christmas,tt13070602
The Losers,tt0480255
I Believe in Santa,tt23722792
The Next 365 Days,tt21106646
21 Jump Street,tt1232829
The Strays,tt16437278
Army of the Dead,tt0993840
The Dead Don't Die,tt8695030
The Good Nurse,tt4273800
Deep Impact,tt0120647
The Hatchet Wielding Hitchhiker,tt24509990
That's Amor,tt21388556
The Princess Switch 3: Romancing the Star,tt14731142
A Christmas Miracle for Daisy,tt16275882
Money Shot: The Pornhub Story,tt26739529
Blade of the 47 Ronin,tt12610794
Abominable,tt6324278
Hypnotic,tt8080204
The Last Kingdom: Seven Kings Must Die,tt15767808
Homefront,tt2312718
The Mystery of Marilyn Monroe: The Unheard Tapes,tt19034332
The Mother,tt6968614
Knives Out,tt8946378
The Swimmers,tt8745676
Tall Girl 2,tt16085592
Chickenhare and the Hamster of Darkness,tt12532368
Can You Keep a Secret?,tt8707922
Hard Target 2,tt5241578
After We Fell,tt13069986
The Call,tt10530176
American Assassin,tt1961175
Kung Fu Panda 3,tt2267968
The Tournament,tt0471041
The Gray Man,tt1649418
John Wick: Chapter 3 - Parabellum,tt6146586
Elysium,tt1535108
Sniper: Ghost Shooter,tt5090828
The Old Ways,tt8593824
Twilight,tt1099212
Spider-Man: No Way Home,tt10872600
Girl in the Picture,tt21059520
The Bubble,tt13610562
Trees of Peace,tt11316680
A Bad Moms Christmas,tt6359956
Love in the Villa,tt15463032
Dora and the Lost City of Gold,tt7547410
211,tt4976192
The Unforgivable,tt11233960
SAS: Rise of the Black Swan,tt4479380
The Curse of Bridge Hollow,tt15289240
Good on Paper,tt8231668
The Christmas Chronicles: Part Two,tt11057644
Daughter of the Wolf,tt7615052
The Secret Life of Pets,tt2709768
6 Underground,tt8106534
Kick-Ass 2,tt1650554
Schumacher,tt10322274
CHIPS,tt0493405
Fast &amp; Furious Presents: Hobbs &amp; Shaw,tt6806448
"Pamela, a love story",tt18376122
Britney Vs Spears,tt15469820
The Loud House Movie,tt6714432
The School for Good and Evil,tt2935622
The Bad Guys,tt8115900
Faraway,tt18747542
Sing 2,tt6467266
Ghislaine Maxwell: Filthy Rich,tt22892896
Bullet Train,tt12593682
Knight and Day,tt1013743
The Twilight Saga: Breaking Dawn: Part 2,tt1673434
Operation Mincemeat,tt1879016
The Last Stand,tt0376994
True Spirit,tt2353868
Kate,tt7737528
A Boy Called Christmas,tt10187208
Transformers: Revenge of the Fallen,tt1055369
Trolls,tt1679335
The Volcano: Rescue from Whakaari,tt21439528
The Condemned,tt0443473
Despicable Me 2,tt1690953
The Boss Baby: Christmas Bonus,tt23546646
Your Place or Mine,tt12823454
A California Christmas: City Lights,tt13701962
He's All That,tt4590256
Black and Blue,tt7390646
13 Hours: The Secret Soldiers of Benghazi,tt4172430
The Woman King,tt8093700
Day Shift,tt13314558
Murder Mystery,tt15255288
The Longest Yard,tt0398165
Firedrake the Silver Dragon,tt7080422
I Came By,tt15083184
Mission: Impossible - Ghost Protocol,tt1229238
Return to Space,tt18555320
Riddick,tt1411250
Shrek 2,tt0298148
The Boss Baby,tt3874544
Tides,tt5514674
Just Like Heaven,tt0425123
Just Go With It,tt1564367
Jack Reacher: Never Go Back,tt3393786
The Dark Knight Rises,tt1345836
365 Days,tt10886166
Warcraft,tt0803096
Only Mine,tt9271164
14 Peaks: Nothing Is Impossible,tt14079374
Minions &amp; More Volume 1,tt22184976
Bad Boys for Life,tt1502397
Fear Street Part 1: 1994,tt6566576
Seal Team,tt8456190
Luckiest Girl Alive,tt4595186
A Score to Settle,tt3758162
Borrego,tt12676006
Blackout,tt8363392
Shrek,tt0126029
Hotel Transylvania 3: Summer Vacation,tt5220122
Spider-Man,tt0145487
The Equalizer 2,tt3766354
Passing,tt8893974
Wrong Place,tt15837458
Halftime,tt19637852
The Redeem Team,tt21837726
47 Meters Down: Uncaged,tt7329656
Escape Room,tt5886046
Man on Fire,tt0328107
Fatherhood,tt4733624
Paw Patrol: The Movie,tt11832046
Rust Creek,tt6610158
What Happens in Vegas,tt1033643
The Invitation,tt12873562
Monte Carlo,tt1067774
Last Seen Alive,tt10242388
1917,tt8579674
Love Hard,tt10752004
Time Trap,tt4815122
Glamour Girls,tt20604466
Cleveland Abduction,tt4262142
Mean Girls,tt0377092
Battleship,tt1440129
Riverdance: The Animated Adventure,tt10841088
Spider-Man: Into the Spider-Verse,tt4633694
Inheritance,tt7923220
The Angry Birds Movie 2,tt6095472
Dr. Seuss' The Lorax,tt1482459
Spider-Man: Homecoming,tt2250912
Medieval,tt8883486
Synchronic,tt9016974
Wedding Season,tt11426572
Morbius,tt5108870
The Vanishing,tt4131496
John Wick: Chapter 2,tt4425200
This Is the End,tt1245492
Whitney Houston: I Wanna Dance with Somebody,tt12193804
Sing,tt6467266
Venom,tt1270797
Afterlife of the Party,tt11742798
Scrooge: A Christmas Carol,tt20917338
Enough,tt0278435
Our Father,tt19704638
This Is Where I Leave You,tt1371150
Mighty Morphin Power Rangers: Once &amp; Always,tt23219684
Minions &amp; More Volume 2,tt22184976
Falling for Christmas,tt14715170
Daddy Day Care,tt0317303
The Croods,tt0481499
Murder Mystery 2,tt15255288
Triple 9,tt1712261
The Amazing Spider-Man,tt0948470
The Starling,tt21156390
The Royal Treatment,tt13989030
The Deep End of the Ocean,tt0120646
Guillermo del Toro’s Pinocchio,tt1488589
The Huntsman: Winter's War,tt2381991
Skylines,tt1564585
Clean,tt10023022
Where the Crawdads Sing,tt9411972
Nightbooks,tt10521144
After Ever Happy,tt13070038
Street Kings,tt0421073
Extinct,tt3201640
Night Teeth,tt10763820
The Clovehitch Killer,tt6269368
Rescued by Ruby,tt11278476
A Dog's Way Home,tt7616798
The Weekend Away,tt14817272
R.I.P.D.,tt0790736
Roald Dahl's Matilda The Musical,tt3447590
2 Guns,tt1272878
Chupa,tt14923260
Spiderhead,tt9783600
The Mitchells vs. The Machines,tt7979580
The Dilemma,tt1578275
Transformers: The Last Knight,tt3371366
Shooter,tt0822854
How to Train Your Dragon: The Hidden World,tt2386490
Bloodshot,tt1634106
Prisoners,tt1392214
Resort to Love,tt12929990
Trollhunters: Rise of the Titans,tt12851396
The Blind Side,tt0878804
Lou,tt5315210
A Walk Among the Tombstones,tt0365907
Ride Along 2,tt2869728
Coach Carter,tt0393162
The Pale Blue Eye,tt14138650
Against The Ice,tt13873302
Gemini Man,tt1025100
Father Stu,tt14439896
Despicable Me,tt1323594
Persuasion,tt13456318
F9: The Fast Saga,tt5433138
Don't Look Up,tt11286314
The Christmas Chronicles,tt11057644
Men in Black 3,tt1409024
Blonde,tt1655389
The Hunger Games,tt1392170
Lady Chatterley's Lover,tt14369780
Dead Man Down,tt2101341
Goosebumps 2: Haunted Halloween,tt5664636
I Used to Be Famous,tt15807910
Downfall: The Case Against Boeing,tt11893274
Interceptor,tt14174940
Mother/Android,tt13029044
Hanna,tt0993842
Amina,tt15847872
Cleaner,tt0896798
Minions: The Rise of Gru,tt5113044
The Possession of Hannah Grace,tt5734576
Flushed Away,tt0424095
Sniper: Ultimate Kill,tt6349302
Playing with Fire,tt9134216
The Girl Next Door,tt0265208
The Informer,tt1833116
The Adam Project,tt2463208
Perfume: The Story of a Murderer,tt0396171
Redemption,tt14479480
Four Brothers,tt0430105
Mr. Harrigan's Phone,tt12908110
The Hunger Games: Catching Fire,tt1951264
The Shack,tt2872518
A Dog's Journey,tt8385474
The Man from Toronto,tt11671006
Silverton Siege,tt18563148
World War Z,tt0816711
The Magician's Elephant,tt2560092
Final Score,tt5254610
Marauders,tt3963816
Windfall,tt15033192
Titanic,tt0120338
You People,tt14826022
Love &amp; Gelato,tt14586350
Single All The Way,tt14315756
Do Revenge,tt13327038
Faster,tt1433108
The Sea Beast,tt9288046
Hustle,tt8009428
Hotel Transylvania 2,tt2510894
A Quiet Place Part II,tt8332922
Yakuza Princess,tt10715446
The Snowman,tt1758810
Home,tt2224026
Sonic the Hedgehog,tt12412888
Central Intelligence,tt1489889
Green Lantern,tt1133985
I Am Vanessa Guillen,tt22440764
The Wonder,tt9288822
Wish Dragon,tt5562070
Alvin and the Chipmunks: Chipwrecked,tt1615918
The Kissing Booth 3,tt12783454
Labor Day,tt1967545
Pitch Perfect,tt1981677
King Arthur: Legend of the Sword,tt1972591
Bruised,tt8310474
Charlie's Angels,tt0160127
Safe House,tt1599348
Trolls World Tour,tt6587640
Devotion,tt7693316
White Chicks,tt0381707
The Witcher: Nightmare of the Wolf,tt11657662
Going in Style,tt2568862
Wild Is the Wind,tt22437050
The Kissing Booth,tt3799232
Let Him Go,tt9340860
The Kissing Booth 2,tt9784456
First Kill,tt5884234
The Lost Daughter,tt9100054
The Guilty,tt9421570
Matilda,tt0117008
Fear Street Part 3: 1666,tt9701942
Untold: The Girlfriend Who Didn't Exist,tt21340300
Turbo,tt1860353
Mother's Day,tt4824302
Running with the Devil,tt5792656
The Mist,tt0884328
A Perfect Enemy,tt9421200
U.S. Marshals,tt0120873
End of the Road,tt13655328
The Outpost,tt3833480
Redemption Day,tt4439620
The Stranger,tt11897478
Disappearance at Clifton Hill,tt5919756
Jumanji: The Next Level,tt7975244
In Time,tt1637688
Blade Runner 2049,tt1856101
"Lyle, Lyle, Crocodile",tt14668630
I See You,tt6079516
Grand Isle,tt8380776
This Little Love of Mine,tt12546872
Dolittle,tt6673612
Ben Is Back,tt7545524
Choose or Die,tt11514780
The Twilight Saga: Eclipse,tt1325004
Shrek Forever After,tt0892791
Tower Heist,tt0471042
Texas Chainsaw Massacre,tt11755740
The Twilight Saga: Breaking Dawn: Part 1,tt1324999
Top Gun,tt0092099
Men in Black: International,tt2283336
Gunpowder Milkshake,tt8368408
Burlesque,tt1126591
Heat,tt0113277
Angel Falls Christmas,tt15978102
Security,tt3501112
Mr. &amp; Mrs. Smith,tt0356910
Red Notice,tt7991608
It,tt1396484
Metal Lords,tt12141112
The Age of Adaline,tt1655441
The Marksman,tt6902332
Grown Ups,tt1375670
The Tinder Swindler,tt14992922
The Power of the Dog,tt10293406
Untold: Malice at the Palace,tt15085802
"Hello, Goodbye, and Everything in Between",tt4181158
Me Time,tt14309446
Marmaduke,tt1392197
A Jazzman's Blues,tt14307536
The In Between,tt8851148
Look Both Ways,tt14298328
Brazen,tt13978306
Jackass 4.5,tt18258584
We Have a Ghost,tt7798604
Glass Onion: A Knives Out Mystery,tt11564570
White Noise,tt6160448
Senior Year,tt5315212
The Gentlemen,tt8367814
Luther: The Fallen Sun,tt3155298
The Water Man,tt4779326
Back to the Outback,tt13575806
White Hot: The Rise &amp; Fall of Abercrombie &amp; Fitch,tt19034522
Dangerous,tt3876910
Fear Street Part 2: 1978,tt9701940
The Mummy,tt0120616
The Bourne Legacy,tt1194173
Christmas with You,tt15824322
Rambo: Last Blood,tt1206885
Along for the Ride,tt14506528
Hubie Halloween,tt10682266
No One Gets Out Alive,tt13056008
Enola Holmes,tt7846844
Flight,tt1907668
Christmas on Mistletoe Farm,tt20561114
Pokémon the Movie: Secrets of the Jungle,tt11819890
The Ice Road,tt3758814
Spider-Man: Far from Home,tt6320628
The Twilight Saga: New Moon,tt1259571
The Father,tt10272386
The Vault,tt9742794
Memoirs of a Geisha,tt0397535
Sweet Girl,tt10731768
Inside the Mind of a Cat,tt21340412
Dog Gone,tt15334430
Jurassic World,tt0369610
Enola Holmes 2,tt14641788
Disconnect: The Wedding Planner,tt24640474
The Harder They Fall,tt10696784
365 Days: This Day,tt12996154
Noah,tt1959490
Trust No One: The Hunt for the Crypto King,tt15479902
Fatale,tt8829830
Transformers: Dark of the Moon,tt1399103
Fistful of Vengeance,tt14158554
Line of Duty,tt3541524
Army of One,tt4382824
A Tourist's Guide to Love,tt20115096
Death to 2021,tt16301388
Aftermath,tt10691162
Colombiana,tt1657507
There's Someone Inside Your House,tt8150814
Purple Hearts,tt4614584
Tomb Raider,tt1365519
Den of Thieves,tt1259528
Welcome Home Roscoe Jenkins,tt0494652
The Invisible Man,tt1051906
Worth,tt8009744
Puss in Boots,tt0448694
How It Ends,tt5246700
Journey 2: The Mysterious Island,tt1397514
My Little Pony: A New Generation,tt10101702
Intrusion,tt5563324
World Trade Center,tt0469641
War,tt0499556
Jack Reacher,tt0790724
Munich – The Edge of War,tt7475578
Mission: Impossible - Fallout,tt4912910
Emily the Criminal,tt15255876
The Hurricane Heist,tt5360952
Army of Thieves,tt13024674
Collateral,tt0369339
The Last Letter From Your Lover,tt1893273
